Disciplina;Código;Avaliação;Data;Média
INF01919;BD-P1;Prova Parcial MySQL;22/08/2016;7,39
INF03117;DJ-T1;Trabalho Mobile;23/09/2016;5,67
INF03117;DJ-T2;Trabalho Console;24/10/2016;4,97
INF03117;DJ-T3;Trabalho PC;25/11/2016;5,67
INF06969;PC-P1;Prova Parcial Map/Set;15/03/2016;7,89
INF06969;PC-P2;Prova Parcial Segment Tree;17/04/2016;6,86
INF06969;PC-P3;Prova Parcial Graphs;23/05/2016;7,78
INF06969;PC-T1;Trabalho Competição;29/06/2016;7,27
INF08000;IA-P1;Prova Parcial IA;21/08/2016;7,54
